title,link,desc
爱琪Q3车载充电器3USB电源 智能分配/检测 电压预警,http://pai.suning.com/shanpai/detail/d/54443-2.htm,爱琪Q3车载充电器3USB电源 智能分配/检测 电压预警
3DVR魔镜-3d眼镜-千幻智能虚拟现实游戏头盔,http://pai.suning.com/shanpai/detail/d/54444-2.htm,3DVR魔镜-3d眼镜-千幻智能虚拟现实游戏头盔
茅台集团财溢人生传世精品52度500ml*2瓶装浓香型,http://pai.suning.com/shanpai/detail/d/54445-2.htm,茅台集团财溢人生传世精品52度500ml*2瓶装浓香型
影能E10八核无线网络电视机顶盒高清硬盘播放器wifi盒子,http://pai.suning.com/shanpai/detail/d/54446-2.htm,影能E10八核无线网络电视机顶盒高清硬盘播放器wifi盒子
老冯记 墨西哥黑曜石钟馗降魔男女挂件,http://pai.suning.com/shanpai/detail/d/54447-2.htm,老冯记 墨西哥黑曜石钟馗降魔男女挂件
丹狄德春季新款男士休闲鞋,http://pai.suning.com/shanpai/detail/d/54448-2.htm,丹狄德春季新款男士休闲鞋
【赠杯套杯刷】天喜玻璃杯 带盖过滤泡茶杯创意商务便携水杯,http://pai.suning.com/shanpai/detail/d/54449-2.htm,【赠杯套杯刷】天喜玻璃杯 带盖过滤泡茶杯创意商务便携水杯
伊莱克斯(ELECTROLUX）EA120 蒸汽泵式咖啡机,http://pai.suning.com/shanpai/detail/d/54505-2.htm,伊莱克斯(ELECTROLUX）EA120 蒸汽泵式咖啡机
唛乐斯防滑冰丝凉席,http://pai.suning.com/shanpai/detail/d/54506-2.htm,唛乐斯防滑冰丝凉席
新款韩版POLO衫,http://pai.suning.com/shanpai/detail/d/54507-2.htm,新款韩版POLO衫
莱德尼诺ST-0803手持蒸汽挂烫机家用,http://pai.suning.com/shanpai/detail/d/54508-2.htm,莱德尼诺ST-0803手持蒸汽挂烫机家用
【中华特色馆】武夷山馆 五朝品茗政和白茶白牡丹250g礼盒装,http://pai.suning.com/shanpai/detail/d/54509-2.htm,【中华特色馆】武夷山馆 五朝品茗政和白茶白牡丹250g礼盒装
美斯克集成吊顶灯LED平板灯面板灯厨卫灯吸顶灯方形灯 节能照,http://pai.suning.com/shanpai/detail/d/54573-2.htm,美斯克集成吊顶灯LED平板灯面板灯厨卫灯吸顶灯方形灯 节能照
戴尔(DELL)Vostro 15-3559R-1828BB 15英寸笔记本电脑,http://pai.suning.com/shanpai/detail/d/54577-2.htm,戴尔(DELL)Vostro 15-3559R-1828BB 15英寸笔记本电脑
遥控坦克模型大型对战坦克充电动 儿童军事玩具男孩BB638,http://pai.suning.com/shanpai/detail/d/54264-2.htm,遥控坦克模型大型对战坦克充电动 儿童军事玩具男孩BB638
堡罗 柔顺丝滑 天丝空调被 1.8*2.2m,http://pai.suning.com/shanpai/detail/d/54450-2.htm,堡罗 柔顺丝滑 天丝空调被 1.8*2.2m
着调 2016夏季青年中裤男式五分裤,http://pai.suning.com/shanpai/detail/d/54451-2.htm,着调 2016夏季青年中裤男式五分裤
银斯妮 S925银项链锁骨链心耳钉套装女生礼物,http://pai.suning.com/shanpai/detail/d/54452-2.htm,银斯妮 S925银项链锁骨链心耳钉套装女生礼物
男士莫代尔平角内裤 4条礼盒装,http://pai.suning.com/shanpai/detail/d/54453-2.htm,男士莫代尔平角内裤 4条礼盒装
王献民 书法作品《虚怀若谷 139x35cm  知何堂艺术品,http://pai.suning.com/shanpai/detail/d/54454-2.htm,王献民 书法作品《虚怀若谷 139x35cm  知何堂艺术品
【免磨不锈】康巴克陶瓷刀具.,http://pai.suning.com/shanpai/detail/d/54523-2.htm,【免磨不锈】康巴克陶瓷刀具.
【拍一赠一】纯棉短袖t恤女,http://pai.suning.com/shanpai/detail/d/54524-2.htm,【拍一赠一】纯棉短袖t恤女
灵悦家纺 舒适凉爽透气天丝夏被多款,http://pai.suning.com/shanpai/detail/d/54525-2.htm,灵悦家纺 舒适凉爽透气天丝夏被多款
花花公子新款男鞋韩版潮鞋,http://pai.suning.com/shanpai/detail/d/54526-2.htm,花花公子新款男鞋韩版潮鞋
香辣小鸡腿翅根小零食20只,http://pai.suning.com/shanpai/detail/d/54574-2.htm,香辣小鸡腿翅根小零食20只
【中华特色馆】三明馆 茶树菇250g农家自产,http://pai.suning.com/shanpai/detail/d/54455-2.htm,【中华特色馆】三明馆 茶树菇250g农家自产
德国汉斯格雅水龙头,http://pai.suning.com/shanpai/detail/d/54456-2.htm,德国汉斯格雅水龙头
德国菲迪拉26CM欧式煎炒锅无涂层电磁炉通用,http://pai.suning.com/shanpai/detail/d/54483-2.htm,德国菲迪拉26CM欧式煎炒锅无涂层电磁炉通用
【澳洲进口】杰夫船长 红酒精选系列西拉750ML*2瓶套装,http://pai.suning.com/shanpai/detail/d/54510-2.htm,【澳洲进口】杰夫船长 红酒精选系列西拉750ML*2瓶套装
MK迈克・科尔斯女士时尚双肩包,http://pai.suning.com/shanpai/detail/d/54511-2.htm,MK迈克・科尔斯女士时尚双肩包
白酒贵州茅台镇 赖酱30典藏 500Ml 53度酱香型 6瓶,http://pai.suning.com/shanpai/detail/d/54512-2.htm,白酒贵州茅台镇 赖酱30典藏 500Ml 53度酱香型 6瓶
杜蕾斯经典四合一24只,http://pai.suning.com/shanpai/detail/d/54205-2.htm,杜蕾斯经典四合一24只
【电影同款】正版功夫熊猫站姿阿宝公仔抱枕60cm,http://pai.suning.com/shanpai/detail/d/54265-2.htm,【电影同款】正版功夫熊猫站姿阿宝公仔抱枕60cm
华为手机 GX1 双卡双待 电信4G智能手机 白色,http://pai.suning.com/shanpai/detail/d/54284-2.htm,华为手机 GX1 双卡双待 电信4G智能手机 白色
峡谷沙龙 茶叶 恩施绿茶【买一送一 同款】 共800克,http://pai.suning.com/shanpai/detail/d/54300-2.htm,峡谷沙龙 茶叶 恩施绿茶【买一送一 同款】 共800克
老冯记 天然新疆和田玉平安扣玉坠,http://pai.suning.com/shanpai/detail/d/54457-2.htm,老冯记 天然新疆和田玉平安扣玉坠
槿之秀 天然加厚御藤席三件套1.8*1.98米,http://pai.suning.com/shanpai/detail/d/54458-2.htm,槿之秀 天然加厚御藤席三件套1.8*1.98米
啄木鸟男士自动扣裤带商务百搭款男式皮带,http://pai.suning.com/shanpai/detail/d/54459-2.htm,啄木鸟男士自动扣裤带商务百搭款男式皮带
SEIKO精工实用静音扫秒床头闹钟,http://pai.suning.com/shanpai/detail/d/54460-2.htm,SEIKO精工实用静音扫秒床头闹钟
鼎宏电动美胸宝丰胸仪,http://pai.suning.com/shanpai/detail/d/54461-2.htm,鼎宏电动美胸宝丰胸仪
COACH蔻驰时尚复古拉链钱包,http://pai.suning.com/shanpai/detail/d/54462-2.htm,COACH蔻驰时尚复古拉链钱包
万年贡米,http://pai.suning.com/shanpai/detail/d/54463-2.htm,万年贡米
辉瓷卫浴 无铅冷热龙头,http://pai.suning.com/shanpai/detail/d/54513-2.htm,辉瓷卫浴 无铅冷热龙头
嘉特不锈钢汽车保温杯,http://pai.suning.com/shanpai/detail/d/54514-2.htm,嘉特不锈钢汽车保温杯
阿尔皮纳袋鼠（L'ALPINA)三角棉中腰男士内裤,http://pai.suning.com/shanpai/detail/d/54515-2.htm,阿尔皮纳袋鼠（L'ALPINA)三角棉中腰男士内裤
lesmart莱斯玛特周年庆帽子 带logo 鸭舌帽 男女通,http://pai.suning.com/shanpai/detail/d/54516-2.htm,lesmart莱斯玛特周年庆帽子 带logo 鸭舌帽 男女通
手工精油洁面皂3个组合装 300g,http://pai.suning.com/shanpai/detail/d/54517-2.htm,手工精油洁面皂3个组合装 300g
SPEAKER DJ-81B 2.1多媒体音响低音炮电脑音箱,http://pai.suning.com/shanpai/detail/d/54561-2.htm,SPEAKER DJ-81B 2.1多媒体音响低音炮电脑音箱
福玛特（FMART） FM-057智能保洁机器人吸尘器扫地机（白色 ）,http://pai.suning.com/shanpai/detail/d/54652-2.htm,福玛特（FMART） FM-057智能保洁机器人吸尘器扫地机（白色 ）
MK迈克.科尔斯女士手提单肩包,http://pai.suning.com/shanpai/detail/d/54464-2.htm,MK迈克.科尔斯女士手提单肩包
堡罗 百变魔术浴巾 80*155cm,http://pai.suning.com/shanpai/detail/d/54465-2.htm,堡罗 百变魔术浴巾 80*155cm
花花公子网面鞋男鞋,http://pai.suning.com/shanpai/detail/d/54466-2.htm,花花公子网面鞋男鞋
阿玛尼时尚多功能男表,http://pai.suning.com/shanpai/detail/d/54467-2.htm,阿玛尼时尚多功能男表
莫塔那莎当妮白葡萄酒750ml源自法国奥克产区,http://pai.suning.com/shanpai/detail/d/54468-2.htm,莫塔那莎当妮白葡萄酒750ml源自法国奥克产区
瑞思宝RSEB HY-P200 20000毫安充电宝,http://pai.suning.com/shanpai/detail/d/54469-2.htm,瑞思宝RSEB HY-P200 20000毫安充电宝
季德胜 抑菌止痒手工皂 100g 消肿止痒 深层清洁,http://pai.suning.com/shanpai/detail/d/54470-2.htm,季德胜 抑菌止痒手工皂 100g 消肿止痒 深层清洁
博云智能监控摄像头,http://pai.suning.com/shanpai/detail/d/54518-2.htm,博云智能监控摄像头
图强 竖条方块深色系列男士简约大气商务抹胸纯棉加厚大浴巾,http://pai.suning.com/shanpai/detail/d/54519-2.htm,图强 竖条方块深色系列男士简约大气商务抹胸纯棉加厚大浴巾
千兮男士羊毛混纺针织开衫,http://pai.suning.com/shanpai/detail/d/54520-2.htm,千兮男士羊毛混纺针织开衫
欧乐家OL-086颈椎按摩仪,http://pai.suning.com/shanpai/detail/d/54242-2.htm,欧乐家OL-086颈椎按摩仪
槿之秀 清凉藤面竹叶茉莉枕2只装,http://pai.suning.com/shanpai/detail/d/54471-2.htm,槿之秀 清凉藤面竹叶茉莉枕2只装
毕加索冰爽丝商务休闲男袜7双礼盒装,http://pai.suning.com/shanpai/detail/d/54472-2.htm,毕加索冰爽丝商务休闲男袜7双礼盒装
拉琪雅 通用车载充电器 子弹头全金属车充 金色,http://pai.suning.com/shanpai/detail/d/54482-2.htm,拉琪雅 通用车载充电器 子弹头全金属车充 金色
飞豹山地车自行车高碳钢21速26寸双碟刹男女单车 40刀圈,http://pai.suning.com/shanpai/detail/d/54521-2.htm,飞豹山地车自行车高碳钢21速26寸双碟刹男女单车 40刀圈
天梭海星系列自动机械男表间金,http://pai.suning.com/shanpai/detail/d/54522-2.htm,天梭海星系列自动机械男表间金
